Id,task_1,task_2
data/test\melanoma\ISIC_0012258.jpg,0.23342902958393097,0.5083903074264526
data/test\melanoma\ISIC_0012356.jpg,0.15140758454799652,0.5346203446388245
data/test\melanoma\ISIC_0012369.jpg,0.5462871789932251,0.28491565585136414
data/test\melanoma\ISIC_0012395.jpg,0.23449230194091797,0.010787001810967922
data/test\melanoma\ISIC_0012425.jpg,0.05918319895863533,0.17926914989948273
data/test\melanoma\ISIC_0012758.jpg,0.3311719596385956,0.0036946882028132677
data/test\melanoma\ISIC_0012989.jpg,0.06725063174962997,0.19868920743465424
data/test\melanoma\ISIC_0013072.jpg,0.45851629972457886,0.2085566222667694
data/test\melanoma\ISIC_0013073.jpg,0.5979548692703247,0.31136301159858704
data/test\melanoma\ISIC_0013242.jpg,0.5051118731498718,0.3756090998649597
data/test\melanoma\ISIC_0013277.jpg,0.13157467544078827,0.028671501204371452
data/test\melanoma\ISIC_0013321.jpg,0.01843145303428173,0.512454092502594
data/test\melanoma\ISIC_0013374.jpg,0.4389565885066986,0.362209290266037
data/test\melanoma\ISIC_0013411.jpg,0.20505279302597046,0.735205352306366
data/test\melanoma\ISIC_0013414.jpg,0.014440586790442467,0.04751308262348175
data/test\melanoma\ISIC_0013455.jpg,0.45240071415901184,0.011863932944834232
data/test\melanoma\ISIC_0013457.jpg,0.11445007473230362,0.5425875186920166
data/test\melanoma\ISIC_0013459.jpg,0.07011950761079788,0.0006300007808022201
data/test\melanoma\ISIC_0013472.jpg,0.5355883836746216,0.08829817920923233
data/test\melanoma\ISIC_0013473.jpg,0.7513602375984192,0.1403685212135315
data/test\melanoma\ISIC_0013565.jpg,0.05361185967922211,0.9394447803497314
data/test\melanoma\ISIC_0013577.jpg,0.5927249193191528,0.23206716775894165
data/test\melanoma\ISIC_0013588.jpg,0.1647154688835144,0.7833009362220764
data/test\melanoma\ISIC_0013615.jpg,0.6845335364341736,0.14114907383918762
data/test\melanoma\ISIC_0013617.jpg,0.10916846245527267,0.3240374028682709
data/test\melanoma\ISIC_0013636.jpg,0.5267019271850586,0.1469501107931137
data/test\melanoma\ISIC_0013678.jpg,0.10435253381729126,0.7990924715995789
data/test\melanoma\ISIC_0013696.jpg,0.2471798211336136,0.18042601644992828
data/test\melanoma\ISIC_0013733.jpg,0.7804953455924988,0.04255061224102974
data/test\melanoma\ISIC_0013739.jpg,0.04212789982557297,0.23059317469596863
data/test\melanoma\ISIC_0013766.jpg,0.42126235365867615,0.0016593994805589318
data/test\melanoma\ISIC_0013767.jpg,0.496044397354126,0.17871995270252228
data/test\melanoma\ISIC_0013813.jpg,0.11132069677114487,0.8551498651504517
data/test\melanoma\ISIC_0013814.jpg,0.6052083373069763,0.10035838186740875
data/test\melanoma\ISIC_0013833.jpg,0.861321210861206,0.07891987264156342
data/test\melanoma\ISIC_0013842.jpg,0.0193927064538002,0.03302953392267227
data/test\melanoma\ISIC_0013867.jpg,0.17898739874362946,0.05930420383810997
data/test\melanoma\ISIC_0013908.jpg,0.20895136892795563,0.7583925724029541
data/test\melanoma\ISIC_0013917.jpg,0.048511821776628494,0.02932349406182766
data/test\melanoma\ISIC_0013925.jpg,0.023629218339920044,0.8703404664993286
data/test\melanoma\ISIC_0013948.jpg,0.46293964982032776,0.3239275813102722
data/test\melanoma\ISIC_0013953.jpg,0.07113876193761826,0.0819576308131218
data/test\melanoma\ISIC_0013987.jpg,0.2815122604370117,0.13195468485355377
data/test\melanoma\ISIC_0013988.jpg,0.36822807788848877,0.5227258205413818
data/test\melanoma\ISIC_0014027.jpg,0.16356556117534637,0.5531470775604248
data/test\melanoma\ISIC_0014059.jpg,0.01363739650696516,0.0005460951942950487
data/test\melanoma\ISIC_0014077.jpg,0.7612431049346924,0.006011192686855793
data/test\melanoma\ISIC_0014103.jpg,0.486811101436615,0.3404589295387268
data/test\melanoma\ISIC_0014110.jpg,0.24696674942970276,0.001934307161718607
data/test\melanoma\ISIC_0014129.jpg,0.6944147348403931,0.20622527599334717
data/test\melanoma\ISIC_0014148.jpg,0.6826459169387817,0.0808202400803566
data/test\melanoma\ISIC_0014160.jpg,0.9217178821563721,0.009817840531468391
data/test\melanoma\ISIC_0014181.jpg,0.23108965158462524,0.6966193914413452
data/test\melanoma\ISIC_0014186.jpg,0.005561611149460077,0.9695165157318115
data/test\melanoma\ISIC_0014219.jpg,0.7715616226196289,0.021008029580116272
data/test\melanoma\ISIC_0014221.jpg,0.3327004313468933,0.19301581382751465
data/test\melanoma\ISIC_0014233.jpg,0.22575707733631134,0.7265139818191528
data/test\melanoma\ISIC_0014255.jpg,0.09598836302757263,0.07080421596765518
data/test\melanoma\ISIC_0014270.jpg,0.6704011559486389,0.09444808959960938
data/test\melanoma\ISIC_0014284.jpg,0.18320930004119873,0.05595869570970535
data/test\melanoma\ISIC_0014288.jpg,0.03954019770026207,0.008407489396631718
data/test\melanoma\ISIC_0014319.jpg,0.44225531816482544,0.05058351904153824
data/test\melanoma\ISIC_0014336.jpg,0.953213632106781,0.01936456374824047
data/test\melanoma\ISIC_0014349.jpg,0.6133102774620056,0.2142150104045868
data/test\melanoma\ISIC_0014369.jpg,0.748330295085907,0.009595622308552265
data/test\melanoma\ISIC_0014423.jpg,0.6729069948196411,0.09934068471193314
data/test\melanoma\ISIC_0014434.jpg,0.004723635036498308,0.820052981376648
data/test\melanoma\ISIC_0014454.jpg,0.5400742292404175,0.08892691880464554
data/test\melanoma\ISIC_0014478.jpg,0.3468802571296692,0.010823005810379982
data/test\melanoma\ISIC_0014489.jpg,0.38985759019851685,0.027629299089312553
data/test\melanoma\ISIC_0014506.jpg,0.8022996187210083,0.13919995725154877
data/test\melanoma\ISIC_0014513.jpg,0.4775782823562622,0.12473606318235397
data/test\melanoma\ISIC_0014541.jpg,0.8696038126945496,0.009530039504170418
data/test\melanoma\ISIC_0014542.jpg,0.23780536651611328,0.08048279583454132
data/test\melanoma\ISIC_0014546.jpg,0.4149276912212372,0.008244399912655354
data/test\melanoma\ISIC_0014548.jpg,0.17572344839572906,0.0018576645525172353
data/test\melanoma\ISIC_0014559.jpg,0.6391496658325195,0.257100909948349
data/test\melanoma\ISIC_0014663.jpg,0.7815544009208679,0.0016630305908620358
data/test\melanoma\ISIC_0014666.jpg,0.852104663848877,0.13102619349956512
data/test\melanoma\ISIC_0014695.jpg,0.08434761315584183,0.5913383364677429
data/test\melanoma\ISIC_0014703.jpg,0.8835455775260925,0.04205929487943649
data/test\melanoma\ISIC_0014727.jpg,0.2411106377840042,0.37223637104034424
data/test\melanoma\ISIC_0014766.jpg,0.7837268710136414,0.11309043318033218
data/test\melanoma\ISIC_0014772.jpg,0.6142791509628296,0.1708858609199524
data/test\melanoma\ISIC_0014784.jpg,0.15068243443965912,0.8238272070884705
data/test\melanoma\ISIC_0014790.jpg,0.4888046383857727,0.41707369685173035
data/test\melanoma\ISIC_0014800.jpg,0.19667544960975647,0.011942735873162746
data/test\melanoma\ISIC_0014826.jpg,0.32049253582954407,0.0011707311496138573
data/test\melanoma\ISIC_0014862.jpg,0.47208064794540405,0.02982492744922638
data/test\melanoma\ISIC_0014872.jpg,0.09577125310897827,0.8053114414215088
data/test\melanoma\ISIC_0014883.jpg,0.08751693367958069,0.001219289842993021
data/test\melanoma\ISIC_0014912.jpg,0.8151737451553345,0.03756687417626381
data/test\melanoma\ISIC_0014928.jpg,0.2008611410856247,0.02344580367207527
data/test\melanoma\ISIC_0014932.jpg,0.30060726404190063,0.01446723286062479
data/test\melanoma\ISIC_0014963.jpg,0.5431832671165466,0.3428473174571991
data/test\melanoma\ISIC_0014982.jpg,0.40829434990882874,0.5096735954284668
data/test\melanoma\ISIC_0015004.jpg,0.13725514709949493,0.026037443429231644
data/test\melanoma\ISIC_0015041.jpg,0.7447685599327087,0.031799811869859695
data/test\melanoma\ISIC_0015046.jpg,0.2628619372844696,0.47044146060943604
data/test\melanoma\ISIC_0015050.jpg,0.8796947598457336,0.010471190325915813
data/test\melanoma\ISIC_0015071.jpg,0.8787654638290405,0.05740299075841904
data/test\melanoma\ISIC_0015115.jpg,0.6381068825721741,0.011643191799521446
data/test\melanoma\ISIC_0015119.jpg,0.6943046450614929,0.14936615526676178
data/test\melanoma\ISIC_0015127.jpg,0.26287326216697693,0.002645721659064293
data/test\melanoma\ISIC_0015132.jpg,0.8123005032539368,0.0828922837972641
data/test\melanoma\ISIC_0015133.jpg,0.27373868227005005,0.576376736164093
data/test\melanoma\ISIC_0015136.jpg,0.8497843742370605,0.023793114349246025
data/test\melanoma\ISIC_0015142.jpg,0.3290608525276184,0.488143652677536
data/test\melanoma\ISIC_0015156.jpg,0.5686407089233398,0.02913966402411461
data/test\melanoma\ISIC_0015163.jpg,0.19460879266262054,0.5607382655143738
data/test\melanoma\ISIC_0015167.jpg,0.37946295738220215,0.6136677861213684
data/test\melanoma\ISIC_0015180.jpg,0.3320140540599823,0.5338539481163025
data/test\melanoma\ISIC_0015185.jpg,0.6483367681503296,0.324603796005249
data/test\melanoma\ISIC_0015193.jpg,0.447946161031723,0.23020325601100922
data/test\melanoma\ISIC_0015206.jpg,0.6586677432060242,0.0025416663847863674
data/test\melanoma\ISIC_0015229.jpg,0.8990867733955383,0.02298181876540184
data/test\melanoma\ISIC_0015251.jpg,0.3592994511127472,0.021054742857813835
data/test\nevus\ISIC_0012092.jpg,0.07866591960191727,0.001120224711485207
data/test\nevus\ISIC_0012095.jpg,0.0017687311628833413,0.0024081505835056305
data/test\nevus\ISIC_0012147.jpg,0.00884976051747799,0.009742927737534046
data/test\nevus\ISIC_0012149.jpg,0.07936862856149673,0.37177714705467224
data/test\nevus\ISIC_0012152.jpg,0.004312334582209587,0.09326931834220886
data/test\nevus\ISIC_0012216.jpg,0.2666751742362976,0.2364608198404312
data/test\nevus\ISIC_0012357.jpg,0.25758621096611023,0.6501206755638123
data/test\nevus\ISIC_0012484.jpg,0.12171338498592377,0.06320594996213913
data/test\nevus\ISIC_0012493.jpg,0.19618463516235352,0.048427846282720566
data/test\nevus\ISIC_0012551.jpg,0.015325592830777168,0.565325915813446
data/test\nevus\ISIC_0012654.jpg,0.017961721867322922,0.15940696001052856
data/test\nevus\ISIC_0012656.jpg,0.02164233848452568,0.0016848399536684155
data/test\nevus\ISIC_0012708.jpg,0.013829340226948261,0.00707896426320076
data/test\nevus\ISIC_0012722.jpg,0.0049758171662688255,0.07158093899488449
data/test\nevus\ISIC_0012803.jpg,0.05089307203888893,0.6689425706863403
data/test\nevus\ISIC_0012836.jpg,0.01129082776606083,0.0024173217825591564
data/test\nevus\ISIC_0012837.jpg,0.042272601276636124,0.022519180551171303
data/test\nevus\ISIC_0012903.jpg,0.0015852688811719418,0.010959442704916
data/test\nevus\ISIC_0012904.jpg,0.002978840610012412,0.7343717217445374
data/test\nevus\ISIC_0012941.jpg,0.007492483593523502,0.7390350103378296
data/test\nevus\ISIC_0012967.jpg,0.0016171385068446398,0.890129804611206
data/test\nevus\ISIC_0013045.jpg,0.013744139112532139,0.00013816359569318593
data/test\nevus\ISIC_0013070.jpg,0.02227078378200531,0.011655725538730621
data/test\nevus\ISIC_0013109.jpg,0.021733801811933517,0.012331154197454453
data/test\nevus\ISIC_0013159.jpg,0.07822751253843307,0.32312244176864624
data/test\nevus\ISIC_0013164.jpg,0.010124238207936287,0.004927875008434057
data/test\nevus\ISIC_0013176.jpg,0.09714694321155548,0.0012874793028458953
data/test\nevus\ISIC_0013191.jpg,0.08429854363203049,0.3999803066253662
data/test\nevus\ISIC_0013216.jpg,0.06034644693136215,0.5958882570266724
data/test\nevus\ISIC_0013226.jpg,0.0031331118661910295,0.06609116494655609
data/test\nevus\ISIC_0013230.jpg,0.0032698262948542833,0.0006270630983635783
data/test\nevus\ISIC_0013269.jpg,0.20493581891059875,0.0010752759408205748
data/test\nevus\ISIC_0013291.jpg,0.24277958273887634,0.0029630917124450207
data/test\nevus\ISIC_0013325.jpg,0.04438105598092079,0.0016410690732300282
data/test\nevus\ISIC_0013399.jpg,0.016719751060009003,0.0700579583644867
data/test\nevus\ISIC_0013416.jpg,0.07322148978710175,0.1537158489227295
data/test\nevus\ISIC_0013511.jpg,0.23241469264030457,0.6390495300292969
data/test\nevus\ISIC_0013512.jpg,0.10133570432662964,0.7923786640167236
data/test\nevus\ISIC_0013529.jpg,0.5094069838523865,0.0034176912158727646
data/test\nevus\ISIC_0013600.jpg,0.005905941594392061,0.9812601804733276
data/test\nevus\ISIC_0013602.jpg,0.1656697690486908,0.016226883977651596
data/test\nevus\ISIC_0013738.jpg,0.042007964104413986,0.04860110953450203
data/test\nevus\ISIC_0013794.jpg,0.007271267008036375,0.035637080669403076
data/test\nevus\ISIC_0013809.jpg,0.8729860782623291,0.006032885052263737
data/test\nevus\ISIC_0013891.jpg,0.004431353881955147,0.0006984055507928133
data/test\nevus\ISIC_0013897.jpg,0.03739237040281296,0.06315593421459198
data/test\nevus\ISIC_0013911.jpg,0.023440642282366753,0.8583488464355469
data/test\nevus\ISIC_0013966.jpg,0.012566858902573586,0.9227107763290405
data/test\nevus\ISIC_0013998.jpg,0.07405785471200943,0.09678730368614197
data/test\nevus\ISIC_0014090.jpg,0.003926843870431185,0.002549820113927126
data/test\nevus\ISIC_0014117.jpg,0.026195472106337547,0.001422691741026938
data/test\nevus\ISIC_0014470.jpg,0.0070585585199296474,0.8351147174835205
data/test\nevus\ISIC_0014675.jpg,0.18369975686073303,0.001746470807120204
data/test\nevus\ISIC_0014677.jpg,0.27368858456611633,0.326010525226593
data/test\nevus\ISIC_0014687.jpg,0.2692675292491913,0.025748003274202347
data/test\nevus\ISIC_0014693.jpg,0.8835510015487671,0.0023326610680669546
data/test\nevus\ISIC_0014697.jpg,0.10068699717521667,0.05096206068992615
data/test\nevus\ISIC_0014698.jpg,0.011630702763795853,0.0023653421085327864
data/test\nevus\ISIC_0014720.jpg,0.18775738775730133,0.0015502986498177052
data/test\nevus\ISIC_0014725.jpg,0.05430780351161957,0.0008049461175687611
data/test\nevus\ISIC_0014728.jpg,0.012065460905432701,0.00021747572463937104
data/test\nevus\ISIC_0014729.jpg,0.21025337278842926,0.2532711327075958
data/test\nevus\ISIC_0014740.jpg,0.41198351979255676,0.4690050780773163
data/test\nevus\ISIC_0014743.jpg,0.08171817660331726,0.005596810020506382
data/test\nevus\ISIC_0014746.jpg,0.21917903423309326,0.025247415527701378
data/test\nevus\ISIC_0014749.jpg,0.6409210562705994,0.021588146686553955
data/test\nevus\ISIC_0014753.jpg,0.10105808824300766,0.003763634478673339
data/test\nevus\ISIC_0014755.jpg,0.3491246998310089,0.006279936991631985
data/test\nevus\ISIC_0014765.jpg,0.2428661733865738,0.007929081097245216
data/test\nevus\ISIC_0014768.jpg,0.062048763036727905,0.0038842640351504087
data/test\nevus\ISIC_0014773.jpg,0.010976379737257957,0.0009910980006679893
data/test\nevus\ISIC_0014780.jpg,0.13491834700107574,0.0043984055519104
data/test\nevus\ISIC_0014786.jpg,0.700665295124054,0.2156410664319992
data/test\nevus\ISIC_0014787.jpg,0.2823081612586975,0.04154670611023903
data/test\nevus\ISIC_0014792.jpg,0.019006676971912384,0.722617506980896
data/test\nevus\ISIC_0014796.jpg,0.43239253759384155,0.019145576283335686
data/test\nevus\ISIC_0014798.jpg,0.09511006623506546,0.00203154468908906
data/test\nevus\ISIC_0014807.jpg,0.08249469101428986,0.0011803937377408147
data/test\nevus\ISIC_0014814.jpg,0.06515128910541534,0.0021769816521555185
data/test\nevus\ISIC_0014815.jpg,0.1743030697107315,0.0058188531547784805
data/test\nevus\ISIC_0014820.jpg,0.017290057614445686,0.0004748335632029921
data/test\nevus\ISIC_0014822.jpg,0.01244732178747654,0.0027212181594222784
data/test\nevus\ISIC_0014833.jpg,0.4861350357532501,0.4253441393375397
data/test\nevus\ISIC_0014835.jpg,0.43079787492752075,0.008604640141129494
data/test\nevus\ISIC_0014844.jpg,0.5539705753326416,0.00405963696539402
data/test\nevus\ISIC_0014853.jpg,0.25887811183929443,0.0033505596220493317
data/test\nevus\ISIC_0014854.jpg,0.06472102552652359,0.0008547899196855724
data/test\nevus\ISIC_0014863.jpg,0.1826687753200531,0.09406981617212296
data/test\nevus\ISIC_0014867.jpg,0.11972910910844803,0.018424130976200104
data/test\nevus\ISIC_0014868.jpg,0.07779831439256668,0.003971676342189312
data/test\nevus\ISIC_0014876.jpg,0.05450775846838951,0.0023117540404200554
data/test\nevus\ISIC_0014879.jpg,0.005754349287599325,0.06177966296672821
data/test\nevus\ISIC_0014901.jpg,0.035393647849559784,0.004249822348356247
data/test\nevus\ISIC_0014907.jpg,0.31743836402893066,0.06314683705568314
data/test\nevus\ISIC_0014910.jpg,0.08552556484937668,0.001739403698593378
data/test\nevus\ISIC_0014921.jpg,0.0019102890510112047,1.6858257367857732e-05
data/test\nevus\ISIC_0014927.jpg,8.738930046092719e-05,1.4706712363476981e-06
data/test\nevus\ISIC_0014936.jpg,0.07091500610113144,0.00030144627089612186
data/test\nevus\ISIC_0014938.jpg,0.3346150517463684,0.0017092748312279582
data/test\nevus\ISIC_0014940.jpg,0.15067191421985626,0.0007018025498837233
data/test\nevus\ISIC_0014941.jpg,0.02356104925274849,0.0003610361891333014
data/test\nevus\ISIC_0014942.jpg,0.004055582918226719,0.0010577047942206264
data/test\nevus\ISIC_0014943.jpg,0.37642011046409607,0.01632455177605152
data/test\nevus\ISIC_0014944.jpg,0.0654318779706955,0.0013889397960156202
data/test\nevus\ISIC_0014947.jpg,0.037287041544914246,0.0007588083972223103
data/test\nevus\ISIC_0014948.jpg,0.706292986869812,0.015958553180098534
data/test\nevus\ISIC_0014949.jpg,0.07179621607065201,0.00027886327006854117
data/test\nevus\ISIC_0014952.jpg,0.18915587663650513,0.009008608758449554
data/test\nevus\ISIC_0014955.jpg,0.4081780016422272,0.024349572136998177
data/test\nevus\ISIC_0014956.jpg,0.3035842180252075,0.06080559641122818
data/test\nevus\ISIC_0014957.jpg,0.007734476588666439,3.318820017739199e-05
data/test\nevus\ISIC_0014958.jpg,0.16856983304023743,0.05347846820950508
data/test\nevus\ISIC_0014959.jpg,0.12104367464780807,0.0025559780187904835
data/test\nevus\ISIC_0014961.jpg,0.43196943402290344,0.0031801483128219843
data/test\nevus\ISIC_0014962.jpg,0.06357647478580475,0.010503431782126427
data/test\nevus\ISIC_0014964.jpg,0.15626193583011627,0.0013125668046995997
data/test\nevus\ISIC_0014966.jpg,0.5635711550712585,0.0094685023650527
data/test\nevus\ISIC_0014968.jpg,0.3226538300514221,0.01300651766359806
data/test\nevus\ISIC_0014969.jpg,0.2630576193332672,0.26318180561065674
data/test\nevus\ISIC_0014973.jpg,0.032344285398721695,0.0010130632435902953
data/test\nevus\ISIC_0014974.jpg,0.41041019558906555,0.12141859531402588
data/test\nevus\ISIC_0014977.jpg,0.13624873757362366,0.0010194545611739159
data/test\nevus\ISIC_0014992.jpg,0.15689444541931152,0.0006594376754947007
data/test\nevus\ISIC_0014994.jpg,0.21388615667819977,0.1521105170249939
data/test\nevus\ISIC_0014998.jpg,0.13109517097473145,0.05399661511182785
data/test\nevus\ISIC_0015002.jpg,0.025579145178198814,0.005637764930725098
data/test\nevus\ISIC_0015003.jpg,0.044154368340969086,0.0027261299546808004
data/test\nevus\ISIC_0015007.jpg,0.06370685994625092,0.006531431805342436
data/test\nevus\ISIC_0015008.jpg,0.2014639675617218,0.15945979952812195
data/test\nevus\ISIC_0015009.jpg,0.29823562502861023,0.5197411775588989
data/test\nevus\ISIC_0015011.jpg,0.593878448009491,0.012763330712914467
data/test\nevus\ISIC_0015013.jpg,0.7789948582649231,0.011873127892613411
data/test\nevus\ISIC_0015015.jpg,0.3764779567718506,0.013133742846548557
data/test\nevus\ISIC_0015016.jpg,0.012195086106657982,0.001394163817167282
data/test\nevus\ISIC_0015018.jpg,0.5530366897583008,0.1726560890674591
data/test\nevus\ISIC_0015019.jpg,0.1538093537092209,0.08512403815984726
data/test\nevus\ISIC_0015020.jpg,0.4438282251358032,0.02887299284338951
data/test\nevus\ISIC_0015021.jpg,0.2636200487613678,0.008465905673801899
data/test\nevus\ISIC_0015023.jpg,0.2607899308204651,0.006089911330491304
data/test\nevus\ISIC_0015026.jpg,0.37571924924850464,0.17969709634780884
data/test\nevus\ISIC_0015030.jpg,0.28664085268974304,0.010400998406112194
data/test\nevus\ISIC_0015031.jpg,0.008059091866016388,0.9477927088737488
data/test\nevus\ISIC_0015034.jpg,0.04558820649981499,0.0016650609904900193
data/test\nevus\ISIC_0015035.jpg,0.07961592823266983,0.19585171341896057
data/test\nevus\ISIC_0015037.jpg,0.259772926568985,0.017395220696926117
data/test\nevus\ISIC_0015040.jpg,0.11303922533988953,0.22850842773914337
data/test\nevus\ISIC_0015051.jpg,0.1674768477678299,0.009521418251097202
data/test\nevus\ISIC_0015056.jpg,0.7166281342506409,0.17967632412910461
data/test\nevus\ISIC_0015057.jpg,0.16089405119419098,0.041885945945978165
data/test\nevus\ISIC_0015060.jpg,0.16406001150608063,0.09177206456661224
data/test\nevus\ISIC_0015064.jpg,0.8258705139160156,0.05628778785467148
data/test\nevus\ISIC_0015078.jpg,0.1821332573890686,0.5498536229133606
data/test\nevus\ISIC_0015089.jpg,0.042718883603811264,0.008178132586181164
data/test\nevus\ISIC_0015102.jpg,0.2641226351261139,0.23975519835948944
data/test\nevus\ISIC_0015118.jpg,0.009950523264706135,0.003515752963721752
data/test\nevus\ISIC_0015125.jpg,0.059722650796175,0.0003262573154643178
data/test\nevus\ISIC_0015129.jpg,0.09776291996240616,0.13010607659816742
data/test\nevus\ISIC_0015130.jpg,0.02209019660949707,0.00075868348358199
data/test\nevus\ISIC_0015139.jpg,0.06622491031885147,0.0011590641224756837
data/test\nevus\ISIC_0015140.jpg,0.39392760396003723,0.02163425087928772
data/test\nevus\ISIC_0015146.jpg,0.05589323863387108,0.00039301119977608323
data/test\nevus\ISIC_0015149.jpg,0.2022286206483841,0.002651770133525133
data/test\nevus\ISIC_0015150.jpg,0.03141375631093979,0.0005202169995754957
data/test\nevus\ISIC_0015152.jpg,0.18621674180030823,0.031087372452020645
data/test\nevus\ISIC_0015155.jpg,0.007116685155779123,0.0013235530350357294
data/test\nevus\ISIC_0015157.jpg,0.20244817435741425,0.04493150860071182
data/test\nevus\ISIC_0015160.jpg,0.08077020943164825,0.0261390320956707
data/test\nevus\ISIC_0015161.jpg,0.09937100857496262,0.7536054253578186
data/test\nevus\ISIC_0015171.jpg,0.4599868953227997,0.40790292620658875
data/test\nevus\ISIC_0015173.jpg,0.20110000669956207,0.021959859877824783
data/test\nevus\ISIC_0015174.jpg,0.15228234231472015,0.002310472773388028
data/test\nevus\ISIC_0015175.jpg,0.05180416628718376,0.0008133582887239754
data/test\nevus\ISIC_0015176.jpg,0.2221122533082962,0.034254446625709534
data/test\nevus\ISIC_0015179.jpg,0.3746984899044037,0.0319322906434536
data/test\nevus\ISIC_0015184.jpg,0.12248151004314423,0.01799679547548294
data/test\nevus\ISIC_0015201.jpg,0.1736735850572586,0.0017154328525066376
data/test\nevus\ISIC_0015202.jpg,0.015610608272254467,0.000263037538388744
data/test\nevus\ISIC_0015203.jpg,0.5776997208595276,0.13202457129955292
data/test\nevus\ISIC_0015207.jpg,0.39970114827156067,0.38705816864967346
data/test\nevus\ISIC_0015208.jpg,0.24635428190231323,0.0025550038553774357
data/test\nevus\ISIC_0015212.jpg,0.038569290190935135,0.0016215834766626358
data/test\nevus\ISIC_0015215.jpg,0.09156093001365662,0.005961316637694836
data/test\nevus\ISIC_0015216.jpg,0.3383108973503113,0.121297188103199
data/test\nevus\ISIC_0015217.jpg,0.012843310832977295,0.0008689662790857255
data/test\nevus\ISIC_0015218.jpg,0.009818593971431255,0.00018638451001606882
data/test\nevus\ISIC_0015223.jpg,0.13247616589069366,0.005392119754105806
data/test\nevus\ISIC_0015224.jpg,0.0530393049120903,0.005408431403338909
data/test\nevus\ISIC_0015226.jpg,0.22326774895191193,0.07788150757551193
data/test\nevus\ISIC_0015232.jpg,0.6815406680107117,0.2315128892660141
data/test\nevus\ISIC_0015237.jpg,0.5223128199577332,0.039346981793642044
data/test\nevus\ISIC_0015241.jpg,0.051178526133298874,0.0004792761756107211
data/test\nevus\ISIC_0015244.jpg,0.5673778057098389,0.33562347292900085
data/test\nevus\ISIC_0015245.jpg,0.2652679681777954,0.07431721687316895
data/test\nevus\ISIC_0015250.jpg,0.13665296137332916,0.6576071977615356
data/test\nevus\ISIC_0015254.jpg,0.2789779305458069,0.03523315116763115
data/test\nevus\ISIC_0015255.jpg,0.028985342010855675,0.0019124910468235612
data/test\nevus\ISIC_0015258.jpg,0.3059592843055725,0.03900674730539322
data/test\nevus\ISIC_0015264.jpg,0.07230739295482635,0.02728591486811638
data/test\nevus\ISIC_0015270.jpg,0.1891559511423111,0.1390012949705124
data/test\nevus\ISIC_0015273.jpg,0.06484846770763397,0.002604500623419881
data/test\nevus\ISIC_0015274.jpg,0.5012193918228149,0.009462088346481323
data/test\nevus\ISIC_0015276.jpg,0.34946030378341675,0.00951424427330494
data/test\nevus\ISIC_0015279.jpg,0.20811404287815094,0.005040571093559265
data/test\nevus\ISIC_0015283.jpg,0.021478554233908653,0.00023192008666228503
data/test\nevus\ISIC_0015291.jpg,0.12136372178792953,0.3399117588996887
data/test\nevus\ISIC_0015293.jpg,0.0065157790668308735,0.0002714014844968915
data/test\nevus\ISIC_0015298.jpg,0.021328819915652275,0.0006334658828563988
data/test\nevus\ISIC_0015309.jpg,0.011694483458995819,0.051833637058734894
data/test\nevus\ISIC_0015310.jpg,0.30407142639160156,0.0241392832249403
data/test\nevus\ISIC_0015311.jpg,0.020288951694965363,0.00019052313291467726
data/test\nevus\ISIC_0015312.jpg,0.07942281663417816,0.0009696483612060547
data/test\nevus\ISIC_0015330.jpg,0.00680404482409358,0.0003668179560918361
data/test\nevus\ISIC_0015331.jpg,0.04497775807976723,0.001157393679022789
data/test\nevus\ISIC_0015347.jpg,0.018019964918494225,0.0003196729812771082
data/test\nevus\ISIC_0015353.jpg,0.38534459471702576,0.14745156466960907
data/test\nevus\ISIC_0015355.jpg,0.37398651242256165,0.013118011876940727
data/test\nevus\ISIC_0015357.jpg,0.00844504777342081,0.00015034903481137007
data/test\nevus\ISIC_0015360.jpg,0.23957675695419312,0.004354953300207853
data/test\nevus\ISIC_0015363.jpg,0.251497358083725,0.5229675769805908
data/test\nevus\ISIC_0015364.jpg,0.031114820390939713,0.0027515850961208344
data/test\nevus\ISIC_0015368.jpg,0.16719470918178558,0.0063965050503611565
data/test\nevus\ISIC_0015369.jpg,0.7321460247039795,0.02605949155986309
data/test\nevus\ISIC_0015383.jpg,0.0023672780953347683,2.9923312467872165e-05
data/test\nevus\ISIC_0015386.jpg,0.3274925947189331,0.015622626058757305
data/test\nevus\ISIC_0015390.jpg,0.43823036551475525,0.07727908343076706
data/test\nevus\ISIC_0015395.jpg,0.012736688368022442,0.0033720231149345636
data/test\nevus\ISIC_0015403.jpg,0.3784528970718384,0.31459516286849976
data/test\nevus\ISIC_0015404.jpg,0.6542679667472839,0.024493549019098282
data/test\nevus\ISIC_0015411.jpg,0.0013297107070684433,2.4129923986038193e-05
data/test\nevus\ISIC_0015412.jpg,0.3215080499649048,0.0237872377038002
data/test\nevus\ISIC_0015416.jpg,0.15976613759994507,0.00620885007083416
data/test\nevus\ISIC_0015417.jpg,0.5233420133590698,0.0012517988216131926
data/test\nevus\ISIC_0015418.jpg,0.3031366765499115,0.009490681812167168
data/test\nevus\ISIC_0015419.jpg,0.06574391573667526,0.1827642321586609
data/test\nevus\ISIC_0015436.jpg,0.28765320777893066,0.04026336595416069
data/test\nevus\ISIC_0015440.jpg,0.02562842145562172,0.0017940056277438998
data/test\nevus\ISIC_0015447.jpg,0.6608821749687195,0.0333775095641613
data/test\nevus\ISIC_0015455.jpg,0.20244526863098145,0.03283342346549034
data/test\nevus\ISIC_0015464.jpg,0.17883838713169098,0.003081300063058734
data/test\nevus\ISIC_0015466.jpg,0.4370318651199341,0.027324529364705086
data/test\nevus\ISIC_0015468.jpg,0.012422838248312473,0.0013871807605028152
data/test\nevus\ISIC_0015476.jpg,0.026353290304541588,0.0018317191861569881
data/test\nevus\ISIC_0015481.jpg,0.9182804822921753,0.007442932575941086
data/test\nevus\ISIC_0015482.jpg,0.7072630524635315,0.016462508589029312
data/test\nevus\ISIC_0015485.jpg,0.11225409805774689,0.14158250391483307
data/test\nevus\ISIC_0015510.jpg,0.36497247219085693,0.04326113685965538
data/test\nevus\ISIC_0015526.jpg,0.010489517822861671,0.0004945781547576189
data/test\nevus\ISIC_0015537.jpg,0.771570086479187,0.1086539775133133
data/test\nevus\ISIC_0015544.jpg,0.7237699627876282,0.00556526193395257
data/test\nevus\ISIC_0015559.jpg,0.10591325908899307,0.005656583700329065
data/test\nevus\ISIC_0015563.jpg,0.19564397633075714,0.17616821825504303
data/test\nevus\ISIC_0015566.jpg,0.0065635694190859795,0.0002040329563897103
data/test\nevus\ISIC_0015568.jpg,0.007978742010891438,0.0023530249018222094
data/test\nevus\ISIC_0015582.jpg,0.12143614888191223,0.0017113209469243884
data/test\nevus\ISIC_0015593.jpg,0.07258910685777664,0.15827271342277527
data/test\nevus\ISIC_0015603.jpg,0.40591636300086975,0.05310244485735893
data/test\nevus\ISIC_0015607.jpg,0.6221071481704712,0.18494912981987
data/test\nevus\ISIC_0015614.jpg,0.09433449804782867,0.012751704081892967
data/test\nevus\ISIC_0015617.jpg,0.2548316419124603,0.0025089553091675043
data/test\nevus\ISIC_0015625.jpg,0.017909765243530273,0.0010181773686781526
data/test\nevus\ISIC_0015631.jpg,0.06963028758764267,0.005922130774706602
data/test\nevus\ISIC_0015636.jpg,0.552988588809967,0.09156283736228943
data/test\nevus\ISIC_0015638.jpg,0.08107632398605347,0.005007113795727491
data/test\nevus\ISIC_0015641.jpg,0.0279170423746109,0.09285054355859756
data/test\nevus\ISIC_0015645.jpg,0.009444322437047958,0.0002731150889303535
data/test\nevus\ISIC_0015936.jpg,0.006585007533431053,0.027929211035370827
data/test\nevus\ISIC_0015937.jpg,0.0030646007508039474,0.02054520696401596
data/test\nevus\ISIC_0015938.jpg,0.056884147226810455,0.0009598742472007871
data/test\nevus\ISIC_0015939.jpg,0.15163524448871613,0.5980017185211182
data/test\nevus\ISIC_0015940.jpg,0.0034963779617100954,0.0021826568990945816
data/test\nevus\ISIC_0015941.jpg,0.03896426782011986,0.3411959111690521
data/test\nevus\ISIC_0015942.jpg,0.02759825997054577,0.009384268894791603
data/test\nevus\ISIC_0015943.jpg,0.031295694410800934,0.022032063454389572
data/test\nevus\ISIC_0015944.jpg,0.2677416503429413,0.46231260895729065
data/test\nevus\ISIC_0015945.jpg,0.02874124050140381,0.014062929898500443
data/test\nevus\ISIC_0015946.jpg,0.029092755168676376,0.004800783004611731
data/test\nevus\ISIC_0015947.jpg,0.002064034342765808,0.0003033979737665504
data/test\nevus\ISIC_0015948.jpg,0.007898804731667042,0.001951868529431522
data/test\nevus\ISIC_0015949.jpg,0.0958319902420044,0.23579426109790802
data/test\nevus\ISIC_0015950.jpg,0.0062560769729316235,0.0029976791702210903
data/test\nevus\ISIC_0015951.jpg,0.0046034324914216995,0.134251207113266
data/test\nevus\ISIC_0015952.jpg,0.04986501485109329,0.0036295081954449415
data/test\nevus\ISIC_0015953.jpg,0.13881410658359528,0.010261068120598793
data/test\nevus\ISIC_0015954.jpg,0.023445162922143936,0.0007404513307847083
data/test\nevus\ISIC_0015955.jpg,0.04369019716978073,0.005554012954235077
data/test\nevus\ISIC_0015956.jpg,0.31207919120788574,0.07409416884183884
data/test\nevus\ISIC_0015957.jpg,0.042650822550058365,0.6534607410430908
data/test\nevus\ISIC_0015958.jpg,0.0031835089903324842,0.5654942393302917
data/test\nevus\ISIC_0015959.jpg,0.026562154293060303,0.8804406523704529
data/test\nevus\ISIC_0015960.jpg,0.01316010020673275,0.0001777062425389886
data/test\nevus\ISIC_0015961.jpg,0.36331892013549805,0.0032698477152734995
data/test\nevus\ISIC_0015962.jpg,0.007333793211728334,0.007073536515235901
data/test\nevus\ISIC_0015963.jpg,0.0012180638732388616,0.006091336254030466
data/test\nevus\ISIC_0015964.jpg,0.004597847815603018,0.0036701085045933723
data/test\nevus\ISIC_0015965.jpg,0.22535260021686554,0.0007795026176609099
data/test\nevus\ISIC_0015966.jpg,0.01888899691402912,0.029609158635139465
data/test\nevus\ISIC_0015967.jpg,0.029297467321157455,0.025299135595560074
data/test\nevus\ISIC_0015968.jpg,0.4112403690814972,0.024908656254410744
data/test\nevus\ISIC_0015969.jpg,0.020359572023153305,0.9646056294441223
data/test\nevus\ISIC_0015971.jpg,0.06821459531784058,0.2722000181674957
data/test\nevus\ISIC_0015972.jpg,0.004241880029439926,0.09644503891468048
data/test\nevus\ISIC_0015973.jpg,0.03445545211434364,0.42789408564567566
data/test\nevus\ISIC_0015974.jpg,0.018953440710902214,0.2029617428779602
data/test\nevus\ISIC_0015975.jpg,0.02511494979262352,0.006520502734929323
data/test\nevus\ISIC_0015976.jpg,0.11920385807752609,0.0028294925577938557
data/test\nevus\ISIC_0015978.jpg,0.004002207424491644,0.7821003198623657
data/test\nevus\ISIC_0015979.jpg,0.004312334582209587,0.09326931834220886
data/test\nevus\ISIC_0015980.jpg,0.03117755800485611,0.018104325979948044
data/test\nevus\ISIC_0015981.jpg,0.03657282888889313,0.029324956238269806
data/test\nevus\ISIC_0015982.jpg,0.0063544451259076595,0.00045657812734134495
data/test\nevus\ISIC_0015983.jpg,0.019121404737234116,0.9015445709228516
data/test\nevus\ISIC_0015984.jpg,0.0037982449866831303,0.7119622230529785
data/test\nevus\ISIC_0015985.jpg,0.024315305054187775,0.0029216583352535963
data/test\nevus\ISIC_0015986.jpg,0.014507590793073177,0.026453301310539246
data/test\nevus\ISIC_0015987.jpg,0.010041365399956703,0.01953267678618431
data/test\nevus\ISIC_0015988.jpg,0.10527362674474716,0.352847158908844
data/test\nevus\ISIC_0015989.jpg,0.009432543069124222,0.00810166448354721
data/test\nevus\ISIC_0015990.jpg,0.053923919796943665,0.000406078586820513
data/test\nevus\ISIC_0015991.jpg,0.021021489053964615,0.03573368862271309
data/test\nevus\ISIC_0015992.jpg,0.022325653582811356,0.00027303805109113455
data/test\nevus\ISIC_0015993.jpg,0.26934972405433655,0.00635848892852664
data/test\nevus\ISIC_0015994.jpg,0.059942107647657394,0.0023701649624854326
data/test\nevus\ISIC_0015995.jpg,0.30329737067222595,0.03189421817660332
data/test\nevus\ISIC_0015996.jpg,0.0444631427526474,0.0035784095525741577
data/test\nevus\ISIC_0015997.jpg,0.11078948527574539,0.002017601393163204
data/test\nevus\ISIC_0015998.jpg,0.05284513160586357,0.09378303587436676
data/test\nevus\ISIC_0015999.jpg,0.0021588122472167015,0.0032094018533825874
data/test\nevus\ISIC_0016000.jpg,0.07065699994564056,0.6891394853591919
data/test\nevus\ISIC_0016001.jpg,0.2666751742362976,0.2364608198404312
data/test\nevus\ISIC_0016002.jpg,0.0105895409360528,0.031335003674030304
data/test\nevus\ISIC_0016003.jpg,0.019331661984324455,0.0008855452761054039
data/test\nevus\ISIC_0016004.jpg,0.609285295009613,0.003912192303687334
data/test\nevus\ISIC_0016005.jpg,0.009575068950653076,0.020998843014240265
data/test\nevus\ISIC_0016006.jpg,0.04828022047877312,0.026594161987304688
data/test\nevus\ISIC_0016007.jpg,0.046534933149814606,0.08088958263397217
data/test\nevus\ISIC_0016008.jpg,0.24165934324264526,0.19677716493606567
data/test\nevus\ISIC_0016009.jpg,0.029329735785722733,0.12956951558589935
data/test\nevus\ISIC_0016011.jpg,0.01410378236323595,0.7870457768440247
data/test\nevus\ISIC_0016012.jpg,0.0031157955527305603,0.0010188648011535406
data/test\nevus\ISIC_0016013.jpg,0.003397639375180006,0.04490329697728157
data/test\nevus\ISIC_0016014.jpg,0.0020837467163801193,0.0027832190971821547
data/test\nevus\ISIC_0016015.jpg,0.08017763495445251,0.12776023149490356
data/test\nevus\ISIC_0016016.jpg,0.07991597801446915,0.2737142741680145
data/test\nevus\ISIC_0016017.jpg,0.044900842010974884,0.031363826245069504
data/test\nevus\ISIC_0016018.jpg,0.0028745410963892937,0.020158328115940094
data/test\nevus\ISIC_0016019.jpg,0.052861250936985016,0.16724669933319092
data/test\nevus\ISIC_0016022.jpg,0.1270008683204651,0.003573809517547488
data/test\nevus\ISIC_0016023.jpg,0.01708810031414032,0.186747744679451
data/test\nevus\ISIC_0016024.jpg,0.4062056541442871,0.2245124727487564
data/test\nevus\ISIC_0016025.jpg,0.03586516156792641,0.014949880540370941
data/test\nevus\ISIC_0016026.jpg,0.041655149310827255,0.03584611043334007
data/test\nevus\ISIC_0016027.jpg,0.003563881618902087,0.011472359299659729
data/test\nevus\ISIC_0016028.jpg,0.013350353576242924,0.09541776776313782
data/test\nevus\ISIC_0016029.jpg,0.10884224623441696,0.01457142923027277
data/test\nevus\ISIC_0016030.jpg,0.12698635458946228,0.10914221405982971
data/test\nevus\ISIC_0016031.jpg,0.23893779516220093,0.009934884496033192
data/test\nevus\ISIC_0016033.jpg,0.08270233869552612,0.24021610617637634
data/test\nevus\ISIC_0016034.jpg,0.5584192276000977,0.01094755157828331
data/test\nevus\ISIC_0016035.jpg,0.22685831785202026,0.04677953943610191
data/test\nevus\ISIC_0016036.jpg,0.37631845474243164,0.11718498915433884
data/test\nevus\ISIC_0016037.jpg,0.15563228726387024,0.015275781974196434
data/test\nevus\ISIC_0016038.jpg,0.0036744026001542807,0.0031963642686605453
data/test\nevus\ISIC_0016040.jpg,0.002368285320699215,0.0008893597405403852
data/test\nevus\ISIC_0016041.jpg,0.011839981190860271,0.8899813294410706
data/test\nevus\ISIC_0016042.jpg,0.024684082716703415,0.0006314280326478183
data/test\nevus\ISIC_0016043.jpg,0.1312122344970703,0.09030165523290634
data/test\nevus\ISIC_0016044.jpg,0.0019622796680778265,0.783612072467804
data/test\nevus\ISIC_0016045.jpg,0.01713988184928894,0.02697770670056343
data/test\nevus\ISIC_0016046.jpg,0.24772271513938904,0.008126267232000828
data/test\nevus\ISIC_0016048.jpg,0.13598757982254028,0.0026226667687296867
data/test\nevus\ISIC_0016049.jpg,0.38019391894340515,0.0032478964421898127
data/test\nevus\ISIC_0016050.jpg,0.0893259048461914,0.0014536139788106084
data/test\nevus\ISIC_0016051.jpg,0.06878762692213058,0.043876707553863525
data/test\nevus\ISIC_0016052.jpg,0.15276850759983063,0.0010845407377928495
data/test\nevus\ISIC_0016053.jpg,0.018675757572054863,0.006009239703416824
data/test\nevus\ISIC_0016054.jpg,0.07970792055130005,0.4725496172904968
data/test\nevus\ISIC_0016055.jpg,0.020346779376268387,0.01575441285967827
data/test\nevus\ISIC_0016056.jpg,0.23064248263835907,0.010452914983034134
data/test\nevus\ISIC_0016057.jpg,0.5279524326324463,0.0009654770838096738
data/test\nevus\ISIC_0016058.jpg,0.0044699436984956264,0.6760565638542175
data/test\nevus\ISIC_0016059.jpg,0.06781553477048874,0.0004968173452652991
data/test\nevus\ISIC_0016060.jpg,0.04527055844664574,0.6747918725013733
data/test\nevus\ISIC_0016061.jpg,0.02835441567003727,0.0017108904430642724
data/test\nevus\ISIC_0016062.jpg,0.05715518817305565,0.00019752542721107602
data/test\nevus\ISIC_0016063.jpg,0.023696282878518105,0.00035227133776061237
data/test\nevus\ISIC_0016064.jpg,0.0170709528028965,0.046800848096609116
data/test\nevus\ISIC_0016065.jpg,0.017313333228230476,0.03729889541864395
data/test\nevus\ISIC_0016066.jpg,0.785452663898468,0.025474630296230316
data/test\nevus\ISIC_0016068.jpg,0.8452455401420593,0.07445771992206573
data/test\nevus\ISIC_0016069.jpg,0.12641403079032898,0.013084589503705502
data/test\nevus\ISIC_0016070.jpg,0.002657294040545821,0.001810541725717485
data/test\nevus\ISIC_0016071.jpg,0.03518474102020264,0.005031146574765444
data/test\nevus\ISIC_0016072.jpg,0.7936968207359314,0.030785124748945236
data/test\seborrheic_keratosis\ISIC_0012086.jpg,0.12086702883243561,0.30060991644859314
data/test\seborrheic_keratosis\ISIC_0012134.jpg,0.00011613364040385932,0.9995635151863098
data/test\seborrheic_keratosis\ISIC_0012136.jpg,0.07782816141843796,0.7443276643753052
data/test\seborrheic_keratosis\ISIC_0012178.jpg,0.07058136910200119,0.2792666554450989
data/test\seborrheic_keratosis\ISIC_0012199.jpg,0.3505363464355469,0.5590547323226929
data/test\seborrheic_keratosis\ISIC_0012207.jpg,0.06890736520290375,0.14531327784061432
data/test\seborrheic_keratosis\ISIC_0012215.jpg,0.012756520882248878,0.8739755749702454
data/test\seborrheic_keratosis\ISIC_0012223.jpg,0.2640889286994934,0.6372535228729248
data/test\seborrheic_keratosis\ISIC_0012240.jpg,0.17856340110301971,0.7333958745002747
data/test\seborrheic_keratosis\ISIC_0012248.jpg,0.27679333090782166,0.6323078870773315
data/test\seborrheic_keratosis\ISIC_0012265.jpg,0.6253731846809387,0.06577154248952866
data/test\seborrheic_keratosis\ISIC_0012266.jpg,0.019208543002605438,0.06585367023944855
data/test\seborrheic_keratosis\ISIC_0012272.jpg,0.012225360609591007,0.9139639735221863
data/test\seborrheic_keratosis\ISIC_0012273.jpg,0.006587082985788584,0.9841029644012451
data/test\seborrheic_keratosis\ISIC_0012314.jpg,0.006283096969127655,0.00890715979039669
data/test\seborrheic_keratosis\ISIC_0012323.jpg,0.010129591450095177,0.9767306447029114
data/test\seborrheic_keratosis\ISIC_0012330.jpg,0.06872276216745377,0.809102475643158
data/test\seborrheic_keratosis\ISIC_0012358.jpg,0.0007273440714925528,0.9968546032905579
data/test\seborrheic_keratosis\ISIC_0012364.jpg,0.022650079801678658,0.575951874256134
data/test\seborrheic_keratosis\ISIC_0012372.jpg,0.00014943763380870223,0.9982244372367859
data/test\seborrheic_keratosis\ISIC_0012375.jpg,0.0033961005974560976,0.9465497732162476
data/test\seborrheic_keratosis\ISIC_0012387.jpg,0.014595120213925838,0.9128142595291138
data/test\seborrheic_keratosis\ISIC_0012388.jpg,0.00575637212023139,0.9088628888130188
data/test\seborrheic_keratosis\ISIC_0012414.jpg,0.11923807114362717,0.7419379949569702
data/test\seborrheic_keratosis\ISIC_0012428.jpg,0.11429745703935623,0.6876141428947449
data/test\seborrheic_keratosis\ISIC_0012432.jpg,0.011458742432296276,0.6311501860618591
data/test\seborrheic_keratosis\ISIC_0012447.jpg,0.07535844296216965,0.73130863904953
data/test\seborrheic_keratosis\ISIC_0012448.jpg,0.09240119159221649,0.2918122410774231
data/test\seborrheic_keratosis\ISIC_0012510.jpg,0.06354238092899323,0.013121720403432846
data/test\seborrheic_keratosis\ISIC_0012522.jpg,0.0030769985169172287,0.0005295260925777256
data/test\seborrheic_keratosis\ISIC_0012537.jpg,0.0048935930244624615,0.010064685717225075
data/test\seborrheic_keratosis\ISIC_0012548.jpg,0.04308221861720085,0.496135413646698
data/test\seborrheic_keratosis\ISIC_0012705.jpg,0.09033837169408798,0.7140306234359741
data/test\seborrheic_keratosis\ISIC_0012757.jpg,0.004463447257876396,0.9429323077201843
data/test\seborrheic_keratosis\ISIC_0012786.jpg,2.6933750632451847e-05,0.9975117444992065
data/test\seborrheic_keratosis\ISIC_0012848.jpg,0.1307823807001114,0.2873833179473877
data/test\seborrheic_keratosis\ISIC_0012852.jpg,0.0023681761231273413,0.06156514585018158
data/test\seborrheic_keratosis\ISIC_0012928.jpg,0.0040518613532185555,0.8802189230918884
data/test\seborrheic_keratosis\ISIC_0012955.jpg,0.001590054016560316,0.9914159178733826
data/test\seborrheic_keratosis\ISIC_0012974.jpg,0.0006607301183976233,0.9492369294166565
data/test\seborrheic_keratosis\ISIC_0013030.jpg,0.004278164356946945,0.9046145081520081
data/test\seborrheic_keratosis\ISIC_0013035.jpg,0.009546111337840557,0.6533262133598328
data/test\seborrheic_keratosis\ISIC_0013085.jpg,0.0015745565760880709,0.9183664321899414
data/test\seborrheic_keratosis\ISIC_0013169.jpg,0.05032309889793396,0.8926432728767395
data/test\seborrheic_keratosis\ISIC_0013170.jpg,0.02798260562121868,0.8674026131629944
data/test\seborrheic_keratosis\ISIC_0013203.jpg,0.002125263214111328,0.9707433581352234
data/test\seborrheic_keratosis\ISIC_0013270.jpg,0.11805005371570587,0.0008091313648037612
data/test\seborrheic_keratosis\ISIC_0013271.jpg,0.017924824729561806,0.253318727016449
data/test\seborrheic_keratosis\ISIC_0013281.jpg,0.002146473852917552,0.9805485010147095
data/test\seborrheic_keratosis\ISIC_0013319.jpg,0.0723167210817337,0.8550171256065369
data/test\seborrheic_keratosis\ISIC_0013393.jpg,0.030054861679673195,0.4629787504673004
data/test\seborrheic_keratosis\ISIC_0013465.jpg,0.01831909269094467,0.3662889003753662
data/test\seborrheic_keratosis\ISIC_0013673.jpg,0.004526575095951557,0.8861488699913025
data/test\seborrheic_keratosis\ISIC_0013708.jpg,2.240254616481252e-06,0.9999920129776001
data/test\seborrheic_keratosis\ISIC_0013764.jpg,0.012708420865237713,0.980455756187439
data/test\seborrheic_keratosis\ISIC_0013977.jpg,0.004140741657465696,0.8238029479980469
data/test\seborrheic_keratosis\ISIC_0014006.jpg,0.03212137147784233,0.9609168171882629
data/test\seborrheic_keratosis\ISIC_0014177.jpg,0.06161612644791603,0.5631188750267029
data/test\seborrheic_keratosis\ISIC_0014251.jpg,0.14832375943660736,0.37570878863334656
data/test\seborrheic_keratosis\ISIC_0014278.jpg,0.019909193739295006,0.8386625647544861
data/test\seborrheic_keratosis\ISIC_0014386.jpg,0.11047427356243134,0.5535113215446472
data/test\seborrheic_keratosis\ISIC_0014392.jpg,0.053055811673402786,0.8825280070304871
data/test\seborrheic_keratosis\ISIC_0014409.jpg,0.07037719339132309,0.04183201119303703
data/test\seborrheic_keratosis\ISIC_0014419.jpg,0.05104394629597664,0.7589111328125
data/test\seborrheic_keratosis\ISIC_0014457.jpg,0.07943111658096313,0.028727728873491287
data/test\seborrheic_keratosis\ISIC_0014474.jpg,2.5674580683698878e-05,0.9995672106742859
data/test\seborrheic_keratosis\ISIC_0014500.jpg,0.06615611165761948,0.774430513381958
data/test\seborrheic_keratosis\ISIC_0014503.jpg,0.024311205372214317,0.5057507753372192
data/test\seborrheic_keratosis\ISIC_0014567.jpg,2.253685124742333e-05,0.9998804330825806
data/test\seborrheic_keratosis\ISIC_0014574.jpg,5.097503752438115e-09,1.0
data/test\seborrheic_keratosis\ISIC_0014575.jpg,1.5512918727367264e-09,1.0
data/test\seborrheic_keratosis\ISIC_0014586.jpg,0.1888715922832489,0.008804965764284134
data/test\seborrheic_keratosis\ISIC_0014587.jpg,5.683031758962898e-06,0.9999924898147583
data/test\seborrheic_keratosis\ISIC_0014588.jpg,1.3386660668857076e-07,0.9999997615814209
data/test\seborrheic_keratosis\ISIC_0014590.jpg,1.420699391463387e-10,1.0
data/test\seborrheic_keratosis\ISIC_0014600.jpg,2.562261958161116e-09,1.0
data/test\seborrheic_keratosis\ISIC_0014619.jpg,1.8681030056200143e-08,1.0
data/test\seborrheic_keratosis\ISIC_0014626.jpg,5.098836020067665e-09,1.0
data/test\seborrheic_keratosis\ISIC_0014627.jpg,4.015173526994431e-09,1.0
data/test\seborrheic_keratosis\ISIC_0014629.jpg,1.1586859249845816e-09,1.0
data/test\seborrheic_keratosis\ISIC_0014631.jpg,7.802617441043935e-10,1.0
data/test\seborrheic_keratosis\ISIC_0014634.jpg,1.778002842911519e-05,0.9998801946640015
data/test\seborrheic_keratosis\ISIC_0014643.jpg,1.7888897307916096e-10,1.0
data/test\seborrheic_keratosis\ISIC_0014644.jpg,0.5792075395584106,0.06422828882932663
data/test\seborrheic_keratosis\ISIC_0014645.jpg,0.061888404190540314,0.9252182841300964
data/test\seborrheic_keratosis\ISIC_0014647.jpg,1.181090055979439e-06,0.9999979734420776
data/test\seborrheic_keratosis\ISIC_0014648.jpg,2.7217088582887072e-09,1.0
data/test\seborrheic_keratosis\ISIC_0014649.jpg,8.19218826109136e-09,1.0
data/test\seborrheic_keratosis\ISIC_0014652.jpg,2.5330004973511677e-06,0.9999966621398926
data/test\seborrheic_keratosis\ISIC_0014653.jpg,1.0349473500426143e-09,1.0

